gen_date,match_date,t1,t2,p1,px,p2,gpred
2026-06-10,2026-06-11,Mexico,South Africa,0.7036,0.2003,0.0961,
2026-06-10,2026-06-11,South Korea,Czech Republic,0.4242,0.2617,0.314,
2026-06-10,2026-06-12,Canada,Bosnia and Herzegovina,0.6945,0.192,0.1135,
2026-06-10,2026-06-12,United States,Paraguay,0.3633,0.2808,0.3558,
2026-06-10,2026-06-13,Qatar,Switzerland,0.0447,0.1003,0.8549,
2026-06-10,2026-06-13,Brazil,Morocco,0.4469,0.297,0.2562,
2026-06-10,2026-06-13,Haiti,Scotland,0.2232,0.2628,0.514,
2026-06-10,2026-06-13,Australia,Turkey,0.3167,0.2882,0.3951,
2026-06-10,2026-06-14,Germany,Curaçao,0.7903,0.138,0.0716,
2026-06-10,2026-06-14,Ivory Coast,Ecuador,0.2878,0.3128,0.3994,
2026-06-10,2026-06-14,Netherlands,Japan,0.3776,0.3003,0.3221,
2026-06-10,2026-06-14,Sweden,Tunisia,0.48,0.2772,0.2429,
2026-06-10,2026-06-15,Belgium,Egypt,0.5929,0.251,0.1561,
2026-06-10,2026-06-15,Iran,New Zealand,0.5285,0.2491,0.2224,
2026-06-10,2026-06-15,Spain,Cape Verde,0.8086,0.1412,0.0502,
2026-06-10,2026-06-15,Saudi Arabia,Uruguay,0.1104,0.2264,0.6632,
2026-06-10,2026-06-16,France,Senegal,0.5394,0.2701,0.1905,
2026-06-10,2026-06-16,Iraq,Norway,0.1133,0.219,0.6676,
2026-06-10,2026-06-16,Argentina,Algeria,0.5442,0.2722,0.1836,
2026-06-10,2026-06-16,Austria,Jordan,0.5881,0.2292,0.1827,
2026-06-10,2026-06-17,Portugal,DR Congo,0.5558,0.2551,0.1891,
2026-06-10,2026-06-17,Uzbekistan,Colombia,0.1371,0.2629,0.6,
2026-06-10,2026-06-17,England,Croatia,0.6626,0.1992,0.1382,
2026-06-10,2026-06-17,Ghana,Panama,0.463,0.2307,0.3063,
2026-06-10,2026-06-18,Czech Republic,South Africa,0.5667,0.2464,0.1869,
2026-06-10,2026-06-18,Mexico,South Korea,0.5649,0.2542,0.1808,
2026-06-10,2026-06-18,Switzerland,Bosnia and Herzegovina,0.6961,0.1951,0.1087,
2026-06-10,2026-06-18,Canada,Qatar,0.8363,0.1157,0.048,
2026-06-10,2026-06-19,Scotland,Morocco,0.1267,0.2324,0.6409,
2026-06-10,2026-06-19,Brazil,Haiti,0.7723,0.1547,0.073,
2026-06-10,2026-06-19,United States,Australia,0.3485,0.2817,0.3699,
2026-06-10,2026-06-19,Turkey,Paraguay,0.4009,0.281,0.3181,
2026-06-10,2026-06-20,Germany,Ivory Coast,0.4299,0.315,0.255,
2026-06-10,2026-06-20,Ecuador,Curaçao,0.8135,0.1307,0.0558,
2026-06-10,2026-06-20,Netherlands,Sweden,0.6057,0.2192,0.1751,
2026-06-10,2026-06-20,Tunisia,Japan,0.1601,0.2643,0.5755,
2026-06-10,2026-06-21,Belgium,Iran,0.6274,0.2244,0.1483,
2026-06-10,2026-06-21,New Zealand,Egypt,0.1717,0.2464,0.5819,
2026-06-10,2026-06-21,Spain,Saudi Arabia,0.7861,0.1518,0.0621,
2026-06-10,2026-06-21,Uruguay,Cape Verde,0.6893,0.2096,0.1011,
2026-06-10,2026-06-22,France,Iraq,0.9302,0.0489,0.0209,
2026-06-10,2026-06-22,Norway,Senegal,0.446,0.2915,0.2625,
2026-06-10,2026-06-22,Argentina,Austria,0.5982,0.2376,0.1642,
2026-06-10,2026-06-22,Jordan,Algeria,0.1972,0.2538,0.549,
2026-06-10,2026-06-23,Portugal,Uzbekistan,0.5759,0.25,0.1741,
2026-06-10,2026-06-23,Colombia,DR Congo,0.5599,0.2736,0.1665,
2026-06-10,2026-06-23,England,Ghana,0.8067,0.1347,0.0586,
2026-06-10,2026-06-23,Panama,Croatia,0.1052,0.1595,0.7353,
2026-06-10,2026-06-24,Mexico,Czech Republic,0.5522,0.2392,0.2087,
2026-06-10,2026-06-24,South Africa,South Korea,0.1717,0.2557,0.5726,
2026-06-10,2026-06-24,Canada,Switzerland,0.2607,0.2678,0.4715,
2026-06-10,2026-06-24,Bosnia and Herzegovina,Qatar,0.7124,0.1749,0.1127,
2026-06-10,2026-06-24,Scotland,Brazil,0.1041,0.1859,0.7099,
2026-06-10,2026-06-24,Morocco,Haiti,0.6817,0.2039,0.1144,
2026-06-10,2026-06-25,United States,Turkey,0.3065,0.2658,0.4276,
2026-06-10,2026-06-25,Paraguay,Australia,0.4151,0.2956,0.2892,
2026-06-10,2026-06-25,Curaçao,Ivory Coast,0.1021,0.2041,0.6939,
2026-06-10,2026-06-25,Ecuador,Germany,0.3641,0.3114,0.3245,
2026-06-10,2026-06-25,Japan,Sweden,0.4554,0.2399,0.3048,
2026-06-10,2026-06-25,Tunisia,Netherlands,0.1409,0.2358,0.6233,
2026-06-10,2026-06-26,Egypt,Iran,0.2797,0.282,0.4383,
2026-06-10,2026-06-26,New Zealand,Belgium,0.0949,0.1902,0.715,
2026-06-10,2026-06-26,Cape Verde,Saudi Arabia,0.3205,0.2851,0.3944,
2026-06-10,2026-06-26,Uruguay,Spain,0.1915,0.276,0.5325,
2026-06-10,2026-06-26,Norway,France,0.2189,0.2626,0.5185,
2026-06-10,2026-06-26,Senegal,Iraq,0.5844,0.2583,0.1573,
2026-06-10,2026-06-27,Algeria,Austria,0.3282,0.3034,0.3684,
2026-06-10,2026-06-27,Jordan,Argentina,0.0312,0.0825,0.8863,
2026-06-10,2026-06-27,Colombia,Portugal,0.3484,0.2711,0.3805,
2026-06-10,2026-06-27,DR Congo,Uzbekistan,0.311,0.316,0.373,
2026-06-10,2026-06-27,Panama,England,0.0217,0.0533,0.925,
2026-06-10,2026-06-27,Croatia,Ghana,0.6763,0.1963,0.1274,
2026-06-11,2026-06-11,Mexico,South Africa,0.6861,0.2099,0.104,
2026-06-11,2026-06-11,South Korea,Czech Republic,0.4262,0.2624,0.3114,
2026-06-11,2026-06-12,Canada,Bosnia and Herzegovina,0.719,0.181,0.1,
2026-06-11,2026-06-12,United States,Paraguay,0.3747,0.2849,0.3404,
2026-06-11,2026-06-13,Qatar,Switzerland,0.0498,0.1097,0.8406,
2026-06-11,2026-06-13,Brazil,Morocco,0.4542,0.3062,0.2396,
2026-06-11,2026-06-13,Haiti,Scotland,0.2215,0.2611,0.5174,
2026-06-11,2026-06-13,Australia,Turkey,0.3327,0.2887,0.3785,
2026-06-11,2026-06-14,Germany,Curaçao,0.8005,0.1297,0.0698,
2026-06-11,2026-06-14,Ivory Coast,Ecuador,0.3108,0.32,0.3692,
2026-06-11,2026-06-14,Netherlands,Japan,0.3785,0.3029,0.3186,
2026-06-11,2026-06-14,Sweden,Tunisia,0.4616,0.2859,0.2525,
2026-06-11,2026-06-15,Belgium,Egypt,0.5858,0.2543,0.1599,
2026-06-11,2026-06-15,Iran,New Zealand,0.5751,0.234,0.1909,
2026-06-11,2026-06-15,Spain,Cape Verde,0.8216,0.1319,0.0465,
2026-06-11,2026-06-15,Saudi Arabia,Uruguay,0.1196,0.2282,0.6522,
2026-06-11,2026-06-16,France,Senegal,0.5058,0.2887,0.2055,
2026-06-11,2026-06-16,Iraq,Norway,0.136,0.243,0.6211,
2026-06-11,2026-06-16,Argentina,Algeria,0.5261,0.2779,0.196,
2026-06-11,2026-06-16,Austria,Jordan,0.5544,0.2396,0.206,
2026-06-11,2026-06-17,Portugal,DR Congo,0.5469,0.2583,0.1948,
2026-06-11,2026-06-17,Uzbekistan,Colombia,0.1602,0.2702,0.5696,
2026-06-11,2026-06-17,England,Croatia,0.6438,0.2102,0.1461,
2026-06-11,2026-06-17,Ghana,Panama,0.4843,0.2221,0.2936,
2026-06-11,2026-06-18,Czech Republic,South Africa,0.5622,0.2505,0.1872,
2026-06-11,2026-06-18,Mexico,South Korea,0.5756,0.2486,0.1758,
2026-06-11,2026-06-18,Switzerland,Bosnia and Herzegovina,0.6774,0.2014,0.1212,
2026-06-11,2026-06-18,Canada,Qatar,0.8361,0.115,0.0489,
2026-06-11,2026-06-19,Scotland,Morocco,0.1409,0.2361,0.623,
2026-06-11,2026-06-19,Brazil,Haiti,0.7448,0.1668,0.0884,
2026-06-11,2026-06-19,United States,Australia,0.3415,0.2908,0.3678,
2026-06-11,2026-06-19,Turkey,Paraguay,0.4287,0.2743,0.297,
2026-06-11,2026-06-20,Germany,Ivory Coast,0.443,0.3151,0.2419,
2026-06-11,2026-06-20,Ecuador,Curaçao,0.7721,0.1579,0.07,
2026-06-11,2026-06-20,Netherlands,Sweden,0.6228,0.2159,0.1614,
2026-06-11,2026-06-20,Tunisia,Japan,0.1527,0.2688,0.5784,
2026-06-11,2026-06-21,Belgium,Iran,0.5949,0.2319,0.1732,
2026-06-11,2026-06-21,New Zealand,Egypt,0.1645,0.2382,0.5973,
2026-06-11,2026-06-21,Spain,Saudi Arabia,0.8115,0.1366,0.0519,
2026-06-11,2026-06-21,Uruguay,Cape Verde,0.6839,0.2114,0.1047,
2026-06-11,2026-06-22,France,Iraq,0.9217,0.0546,0.0237,
2026-06-11,2026-06-22,Norway,Senegal,0.4211,0.3008,0.278,
2026-06-11,2026-06-22,Argentina,Austria,0.6151,0.2254,0.1595,
2026-06-11,2026-06-22,Jordan,Algeria,0.1914,0.2612,0.5474,
2026-06-11,2026-06-23,Portugal,Uzbekistan,0.5729,0.2467,0.1804,
2026-06-11,2026-06-23,Colombia,DR Congo,0.5395,0.2825,0.1779,
2026-06-11,2026-06-23,England,Ghana,0.8052,0.1351,0.0598,
2026-06-11,2026-06-23,Panama,Croatia,0.1424,0.1929,0.6648,
2026-06-11,2026-06-24,Mexico,Czech Republic,0.5475,0.2411,0.2115,
2026-06-11,2026-06-24,South Africa,South Korea,0.1578,0.2382,0.604,
2026-06-11,2026-06-24,Canada,Switzerland,0.2453,0.2693,0.4854,
2026-06-11,2026-06-24,Bosnia and Herzegovina,Qatar,0.654,0.1995,0.1466,
2026-06-11,2026-06-24,Scotland,Brazil,0.1075,0.1943,0.6983,
2026-06-11,2026-06-24,Morocco,Haiti,0.6644,0.2117,0.1239,
2026-06-11,2026-06-25,United States,Turkey,0.3211,0.2618,0.4171,
2026-06-11,2026-06-25,Paraguay,Australia,0.408,0.3039,0.2881,
2026-06-11,2026-06-25,Curaçao,Ivory Coast,0.0991,0.2124,0.6885,
2026-06-11,2026-06-25,Ecuador,Germany,0.3423,0.3202,0.3375,
2026-06-11,2026-06-25,Japan,Sweden,0.4391,0.2397,0.3212,
2026-06-11,2026-06-25,Tunisia,Netherlands,0.1279,0.2343,0.6378,
2026-06-11,2026-06-26,Egypt,Iran,0.2486,0.2912,0.4602,
2026-06-11,2026-06-26,New Zealand,Belgium,0.0943,0.1821,0.7236,
2026-06-11,2026-06-26,Cape Verde,Saudi Arabia,0.2848,0.2803,0.4349,
2026-06-11,2026-06-26,Uruguay,Spain,0.1718,0.2491,0.5792,
2026-06-11,2026-06-26,Norway,France,0.2307,0.2688,0.5005,
2026-06-11,2026-06-26,Senegal,Iraq,0.5757,0.266,0.1583,
2026-06-11,2026-06-27,Algeria,Austria,0.3291,0.306,0.3649,
2026-06-11,2026-06-27,Jordan,Argentina,0.033,0.0864,0.8806,
2026-06-11,2026-06-27,Colombia,Portugal,0.3227,0.2689,0.4084,
2026-06-11,2026-06-27,DR Congo,Uzbekistan,0.3075,0.32,0.3725,
2026-06-11,2026-06-27,Panama,England,0.0227,0.0596,0.9177,
2026-06-11,2026-06-27,Croatia,Ghana,0.675,0.1977,0.1273,
2026-06-12,2026-06-11,Mexico,South Africa,0.7062,0.1966,0.0972,
2026-06-12,2026-06-11,South Korea,Czech Republic,0.4207,0.2639,0.3155,
2026-06-12,2026-06-12,Canada,Bosnia and Herzegovina,0.7079,0.1885,0.1036,
2026-06-12,2026-06-12,United States,Paraguay,0.3514,0.2846,0.364,
2026-06-12,2026-06-13,Qatar,Switzerland,0.05,0.1102,0.8398,
2026-06-12,2026-06-13,Brazil,Morocco,0.4772,0.2939,0.2288,
2026-06-12,2026-06-13,Haiti,Scotland,0.2163,0.2573,0.5264,
2026-06-12,2026-06-13,Australia,Turkey,0.3216,0.2907,0.3877,
2026-06-12,2026-06-14,Germany,Curaçao,0.779,0.145,0.076,
2026-06-12,2026-06-14,Ivory Coast,Ecuador,0.2908,0.3119,0.3973,
2026-06-12,2026-06-14,Netherlands,Japan,0.4158,0.298,0.2862,
2026-06-12,2026-06-14,Sweden,Tunisia,0.4703,0.2747,0.255,
2026-06-12,2026-06-15,Belgium,Egypt,0.5825,0.2586,0.1589,
2026-06-12,2026-06-15,Iran,New Zealand,0.556,0.2415,0.2025,
2026-06-12,2026-06-15,Spain,Cape Verde,0.8181,0.1362,0.0457,
2026-06-12,2026-06-15,Saudi Arabia,Uruguay,0.1282,0.2435,0.6283,
2026-06-12,2026-06-16,France,Senegal,0.5627,0.2635,0.1739,
2026-06-12,2026-06-16,Iraq,Norway,0.1208,0.2254,0.6537,
2026-06-12,2026-06-16,Argentina,Algeria,0.5339,0.2755,0.1905,
2026-06-12,2026-06-16,Austria,Jordan,0.573,0.2353,0.1918,
2026-06-12,2026-06-17,Portugal,DR Congo,0.5685,0.2528,0.1787,
2026-06-12,2026-06-17,Uzbekistan,Colombia,0.1391,0.2654,0.5955,
2026-06-12,2026-06-17,England,Croatia,0.6424,0.2119,0.1457,
2026-06-12,2026-06-17,Ghana,Panama,0.4415,0.2297,0.3288,
2026-06-12,2026-06-18,Czech Republic,South Africa,0.5501,0.2569,0.193,
2026-06-12,2026-06-18,Mexico,South Korea,0.5904,0.2392,0.1704,
2026-06-12,2026-06-18,Switzerland,Bosnia and Herzegovina,0.6539,0.2153,0.1309,
2026-06-12,2026-06-18,Canada,Qatar,0.8489,0.1086,0.0424,
2026-06-12,2026-06-19,Scotland,Morocco,0.1388,0.2333,0.6279,
2026-06-12,2026-06-19,Brazil,Haiti,0.7687,0.1545,0.0768,
2026-06-12,2026-06-19,United States,Australia,0.3358,0.2866,0.3776,
2026-06-12,2026-06-19,Turkey,Paraguay,0.4719,0.264,0.264,
2026-06-12,2026-06-20,Germany,Ivory Coast,0.4699,0.3097,0.2204,
2026-06-12,2026-06-20,Ecuador,Curaçao,0.7651,0.163,0.0719,
2026-06-12,2026-06-20,Netherlands,Sweden,0.6368,0.208,0.1552,
2026-06-12,2026-06-20,Tunisia,Japan,0.1361,0.2591,0.6048,
2026-06-12,2026-06-21,Belgium,Iran,0.5989,0.2347,0.1664,
2026-06-12,2026-06-21,New Zealand,Egypt,0.1626,0.2408,0.5966,
2026-06-12,2026-06-21,Spain,Saudi Arabia,0.8007,0.1458,0.0535,
2026-06-12,2026-06-21,Uruguay,Cape Verde,0.7073,0.204,0.0887,
2026-06-12,2026-06-22,France,Iraq,0.9303,0.0492,0.0205,
2026-06-12,2026-06-22,Norway,Senegal,0.4137,0.3024,0.2838,
2026-06-12,2026-06-22,Argentina,Austria,0.5875,0.2393,0.1731,
2026-06-12,2026-06-22,Jordan,Algeria,0.1786,0.2474,0.574,
2026-06-12,2026-06-23,Portugal,Uzbekistan,0.5898,0.2433,0.167,
2026-06-12,2026-06-23,Colombia,DR Congo,0.5557,0.2845,0.1598,
2026-06-12,2026-06-23,England,Ghana,0.8215,0.1271,0.0514,
2026-06-12,2026-06-23,Panama,Croatia,0.1455,0.1965,0.658,
2026-06-12,2026-06-24,Mexico,Czech Republic,0.5915,0.2132,0.1953,
2026-06-12,2026-06-24,South Africa,South Korea,0.1589,0.2424,0.5987,
2026-06-12,2026-06-24,Canada,Switzerland,0.2862,0.2754,0.4384,
2026-06-12,2026-06-24,Bosnia and Herzegovina,Qatar,0.678,0.1891,0.1328,
2026-06-12,2026-06-24,Scotland,Brazil,0.0843,0.1645,0.7512,
2026-06-12,2026-06-24,Morocco,Haiti,0.6658,0.2145,0.1196,
2026-06-12,2026-06-25,United States,Turkey,0.3182,0.2636,0.4182,
2026-06-12,2026-06-25,Paraguay,Australia,0.3985,0.3021,0.2994,
2026-06-12,2026-06-25,Curaçao,Ivory Coast,0.1015,0.2136,0.6849,
2026-06-12,2026-06-25,Ecuador,Germany,0.3707,0.3175,0.3118,
2026-06-12,2026-06-25,Japan,Sweden,0.4413,0.2303,0.3283,
2026-06-12,2026-06-25,Tunisia,Netherlands,0.1223,0.2339,0.6437,
2026-06-12,2026-06-26,Egypt,Iran,0.2753,0.2914,0.4333,
2026-06-12,2026-06-26,New Zealand,Belgium,0.0983,0.1815,0.7202,
2026-06-12,2026-06-26,Cape Verde,Saudi Arabia,0.2704,0.2764,0.4531,
2026-06-12,2026-06-26,Uruguay,Spain,0.1786,0.2491,0.5723,
2026-06-12,2026-06-26,Norway,France,0.209,0.2701,0.5209,
2026-06-12,2026-06-26,Senegal,Iraq,0.5984,0.2554,0.1462,
2026-06-12,2026-06-27,Algeria,Austria,0.3498,0.2965,0.3537,
2026-06-12,2026-06-27,Jordan,Argentina,0.0363,0.0921,0.8715,
2026-06-12,2026-06-27,Colombia,Portugal,0.2999,0.2682,0.4319,
2026-06-12,2026-06-27,DR Congo,Uzbekistan,0.2969,0.2893,0.4138,
2026-06-12,2026-06-27,Panama,England,0.0228,0.0565,0.9207,
2026-06-12,2026-06-27,Croatia,Ghana,0.6702,0.2023,0.1276,
2026-06-13,2026-06-13,Qatar,Switzerland,0.0504,0.1085,0.8411,
2026-06-13,2026-06-13,Brazil,Morocco,0.4506,0.3032,0.2462,
2026-06-13,2026-06-13,Haiti,Scotland,0.2342,0.2622,0.5037,
2026-06-13,2026-06-13,Australia,Turkey,0.3003,0.2873,0.4125,
2026-06-13,2026-06-14,Germany,Curaçao,0.7853,0.1404,0.0743,
2026-06-13,2026-06-14,Ivory Coast,Ecuador,0.3068,0.313,0.3802,
2026-06-13,2026-06-14,Netherlands,Japan,0.3809,0.3063,0.3128,
2026-06-13,2026-06-14,Sweden,Tunisia,0.4515,0.2814,0.2671,
2026-06-13,2026-06-15,Belgium,Egypt,0.6009,0.2495,0.1497,
2026-06-13,2026-06-15,Iran,New Zealand,0.5619,0.2415,0.1966,
2026-06-13,2026-06-15,Spain,Cape Verde,0.8048,0.1449,0.0502,
2026-06-13,2026-06-15,Saudi Arabia,Uruguay,0.1325,0.2394,0.6281,
2026-06-13,2026-06-16,France,Senegal,0.5252,0.2806,0.1942,
2026-06-13,2026-06-16,Iraq,Norway,0.1297,0.2379,0.6324,
2026-06-13,2026-06-16,Argentina,Algeria,0.5363,0.2813,0.1824,
2026-06-13,2026-06-16,Austria,Jordan,0.5768,0.2332,0.19,
2026-06-13,2026-06-17,Portugal,DR Congo,0.5686,0.2486,0.1828,
2026-06-13,2026-06-17,Uzbekistan,Colombia,0.1474,0.2818,0.5708,
2026-06-13,2026-06-17,England,Croatia,0.6192,0.2225,0.1583,
2026-06-13,2026-06-17,Ghana,Panama,0.5303,0.2075,0.2622,
2026-06-13,2026-06-18,Czech Republic,South Africa,0.5149,0.2614,0.2237,
2026-06-13,2026-06-18,Mexico,South Korea,0.5627,0.2472,0.1901,
2026-06-13,2026-06-18,Switzerland,Bosnia and Herzegovina,0.6487,0.2166,0.1346,
2026-06-13,2026-06-18,Canada,Qatar,0.8041,0.1388,0.0571,
2026-06-13,2026-06-19,Scotland,Morocco,0.1303,0.2316,0.6381,
2026-06-13,2026-06-19,Brazil,Haiti,0.7523,0.1642,0.0835,
2026-06-13,2026-06-19,United States,Australia,0.4639,0.2666,0.2695,
2026-06-13,2026-06-19,Turkey,Paraguay,0.5651,0.2345,0.2004,
2026-06-13,2026-06-20,Germany,Ivory Coast,0.4535,0.3118,0.2347,
2026-06-13,2026-06-20,Ecuador,Curaçao,0.7685,0.1627,0.0689,
2026-06-13,2026-06-20,Netherlands,Sweden,0.6157,0.2195,0.1648,
2026-06-13,2026-06-20,Tunisia,Japan,0.1289,0.2551,0.616,
2026-06-13,2026-06-21,Belgium,Iran,0.6096,0.2292,0.1612,
2026-06-13,2026-06-21,New Zealand,Egypt,0.1686,0.233,0.5984,
2026-06-13,2026-06-21,Spain,Saudi Arabia,0.7932,0.1497,0.0571,
2026-06-13,2026-06-21,Uruguay,Cape Verde,0.676,0.2172,0.1068,
2026-06-13,2026-06-22,France,Iraq,0.9084,0.0639,0.0277,
2026-06-13,2026-06-22,Norway,Senegal,0.4248,0.3071,0.268,
2026-06-13,2026-06-22,Argentina,Austria,0.6077,0.2382,0.1541,
2026-06-13,2026-06-22,Jordan,Algeria,0.1715,0.2389,0.5896,
2026-06-13,2026-06-23,Portugal,Uzbekistan,0.5662,0.2497,0.184,
2026-06-13,2026-06-23,Colombia,DR Congo,0.5828,0.2695,0.1477,
2026-06-13,2026-06-23,England,Ghana,0.7814,0.1511,0.0674,
2026-06-13,2026-06-23,Panama,Croatia,0.1437,0.1922,0.664,
2026-06-13,2026-06-24,Mexico,Czech Republic,0.5637,0.2188,0.2175,
2026-06-13,2026-06-24,South Africa,South Korea,0.1714,0.2451,0.5835,
2026-06-13,2026-06-24,Canada,Switzerland,0.2391,0.2699,0.491,
2026-06-13,2026-06-24,Bosnia and Herzegovina,Qatar,0.6647,0.1968,0.1385,
2026-06-13,2026-06-24,Scotland,Brazil,0.0867,0.1655,0.7478,
2026-06-13,2026-06-24,Morocco,Haiti,0.6619,0.2183,0.1198,
2026-06-13,2026-06-25,United States,Turkey,0.3619,0.2639,0.3742,
2026-06-13,2026-06-25,Paraguay,Australia,0.2807,0.2844,0.4349,
2026-06-13,2026-06-25,Curaçao,Ivory Coast,0.1051,0.2184,0.6765,
2026-06-13,2026-06-25,Ecuador,Germany,0.3741,0.3169,0.309,
2026-06-13,2026-06-25,Japan,Sweden,0.4155,0.2381,0.3464,
2026-06-13,2026-06-25,Tunisia,Netherlands,0.1342,0.2377,0.6281,
2026-06-13,2026-06-26,Egypt,Iran,0.2639,0.2909,0.4451,
2026-06-13,2026-06-26,New Zealand,Belgium,0.0994,0.1836,0.717,
2026-06-13,2026-06-26,Cape Verde,Saudi Arabia,0.2628,0.2819,0.4553,
2026-06-13,2026-06-26,Uruguay,Spain,0.1966,0.2608,0.5426,
2026-06-13,2026-06-26,Norway,France,0.2335,0.2705,0.496,
2026-06-13,2026-06-26,Senegal,Iraq,0.5895,0.2609,0.1496,
2026-06-13,2026-06-27,Algeria,Austria,0.3562,0.2969,0.3469,
2026-06-13,2026-06-27,Jordan,Argentina,0.0668,0.1507,0.7825,
2026-06-13,2026-06-27,Colombia,Portugal,0.2958,0.2583,0.4459,
2026-06-13,2026-06-27,DR Congo,Uzbekistan,0.2783,0.2962,0.4255,
2026-06-13,2026-06-27,Panama,England,0.0227,0.0542,0.923,
2026-06-13,2026-06-27,Croatia,Ghana,0.6432,0.2102,0.1465,
2026-06-14,2026-06-13,Qatar,Switzerland,0.0521,0.1155,0.8324,
2026-06-14,2026-06-13,Brazil,Morocco,0.4357,0.3015,0.2628,
2026-06-14,2026-06-13,Haiti,Scotland,0.2294,0.2581,0.5125,
2026-06-14,2026-06-13,Australia,Turkey,0.2962,0.2849,0.419,
2026-06-14,2026-06-14,Germany,Curaçao,0.8119,0.1292,0.0589,
2026-06-14,2026-06-14,Ivory Coast,Ecuador,0.3162,0.3134,0.3705,
2026-06-14,2026-06-14,Netherlands,Japan,0.3566,0.3062,0.3373,
2026-06-14,2026-06-14,Sweden,Tunisia,0.4598,0.2886,0.2516,
2026-06-14,2026-06-15,Belgium,Egypt,0.5549,0.2681,0.177,
2026-06-14,2026-06-15,Iran,New Zealand,0.5615,0.2417,0.1968,
2026-06-14,2026-06-15,Spain,Cape Verde,0.7969,0.1537,0.0494,
2026-06-14,2026-06-15,Saudi Arabia,Uruguay,0.1355,0.2408,0.6238,
2026-06-14,2026-06-16,France,Senegal,0.5151,0.2818,0.203,
2026-06-14,2026-06-16,Iraq,Norway,0.1378,0.2488,0.6134,
2026-06-14,2026-06-16,Argentina,Algeria,0.5317,0.2844,0.1839,
2026-06-14,2026-06-16,Austria,Jordan,0.5637,0.2424,0.1939,
2026-06-14,2026-06-17,Portugal,DR Congo,0.4859,0.2758,0.2382,
2026-06-14,2026-06-17,Uzbekistan,Colombia,0.1796,0.2919,0.5285,
2026-06-14,2026-06-17,England,Croatia,0.6331,0.2177,0.1491,
2026-06-14,2026-06-17,Ghana,Panama,0.5007,0.2248,0.2746,
2026-06-14,2026-06-18,Czech Republic,South Africa,0.5573,0.2592,0.1834,
2026-06-14,2026-06-18,Mexico,South Korea,0.5394,0.257,0.2036,
2026-06-14,2026-06-18,Switzerland,Bosnia and Herzegovina,0.6589,0.2126,0.1285,
2026-06-14,2026-06-18,Canada,Qatar,0.7249,0.1835,0.0916,
2026-06-14,2026-06-19,Scotland,Morocco,0.1519,0.2404,0.6076,
2026-06-14,2026-06-19,Brazil,Haiti,0.7493,0.1681,0.0826,
2026-06-14,2026-06-19,United States,Australia,0.317,0.2858,0.3972,
2026-06-14,2026-06-19,Turkey,Paraguay,0.4502,0.2575,0.2923,
2026-06-14,2026-06-20,Germany,Ivory Coast,0.4406,0.3111,0.2482,
2026-06-14,2026-06-20,Ecuador,Curaçao,0.7833,0.1564,0.0603,
2026-06-14,2026-06-20,Netherlands,Sweden,0.6183,0.2194,0.1623,
2026-06-14,2026-06-20,Tunisia,Japan,0.1197,0.2559,0.6244,
2026-06-14,2026-06-21,Belgium,Iran,0.5333,0.259,0.2077,
2026-06-14,2026-06-21,New Zealand,Egypt,0.1818,0.2472,0.571,
2026-06-14,2026-06-21,Spain,Saudi Arabia,0.7667,0.1688,0.0646,
2026-06-14,2026-06-21,Uruguay,Cape Verde,0.686,0.214,0.1001,
2026-06-14,2026-06-22,France,Iraq,0.9145,0.0597,0.0257,
2026-06-14,2026-06-22,Norway,Senegal,0.4202,0.2999,0.2799,
2026-06-14,2026-06-22,Argentina,Austria,0.5919,0.2449,0.1632,
2026-06-14,2026-06-22,Jordan,Algeria,0.1908,0.255,0.5542,
2026-06-14,2026-06-23,Portugal,Uzbekistan,0.4743,0.2798,0.2459,
2026-06-14,2026-06-23,Colombia,DR Congo,0.5173,0.2921,0.1906,
2026-06-14,2026-06-23,England,Ghana,0.8098,0.1376,0.0527,
2026-06-14,2026-06-23,Panama,Croatia,0.1418,0.196,0.6621,
2026-06-14,2026-06-24,Mexico,Czech Republic,0.5548,0.2286,0.2166,
2026-06-14,2026-06-24,South Africa,South Korea,0.1534,0.2428,0.6038,
2026-06-14,2026-06-24,Canada,Switzerland,0.2801,0.2673,0.4525,
2026-06-14,2026-06-24,Bosnia and Herzegovina,Qatar,0.6394,0.2188,0.1418,
2026-06-14,2026-06-24,Scotland,Brazil,0.1134,0.1936,0.6929,
2026-06-14,2026-06-24,Morocco,Haiti,0.6849,0.2048,0.1103,
2026-06-14,2026-06-25,United States,Turkey,0.3886,0.273,0.3384,
2026-06-14,2026-06-25,Paraguay,Australia,0.2709,0.2495,0.4797,
2026-06-14,2026-06-25,Curaçao,Ivory Coast,0.0882,0.2015,0.7104,
2026-06-14,2026-06-25,Ecuador,Germany,0.3786,0.3181,0.3033,
2026-06-14,2026-06-25,Japan,Sweden,0.4605,0.2414,0.2981,
2026-06-14,2026-06-25,Tunisia,Netherlands,0.1444,0.2494,0.6062,
2026-06-14,2026-06-26,Egypt,Iran,0.2605,0.291,0.4485,
2026-06-14,2026-06-26,New Zealand,Belgium,0.1101,0.1975,0.6924,
2026-06-14,2026-06-26,Cape Verde,Saudi Arabia,0.2568,0.3,0.4432,
2026-06-14,2026-06-26,Uruguay,Spain,0.21,0.2674,0.5226,
2026-06-14,2026-06-26,Norway,France,0.2359,0.2822,0.482,
2026-06-14,2026-06-26,Senegal,Iraq,0.5797,0.2677,0.1526,
2026-06-14,2026-06-27,Algeria,Austria,0.3292,0.3071,0.3637,
2026-06-14,2026-06-27,Jordan,Argentina,0.0679,0.1574,0.7747,
2026-06-14,2026-06-27,Colombia,Portugal,0.3245,0.2685,0.407,
2026-06-14,2026-06-27,DR Congo,Uzbekistan,0.2877,0.2961,0.4162,
2026-06-14,2026-06-27,Panama,England,0.0195,0.0514,0.9292,
2026-06-14,2026-06-27,Croatia,Ghana,0.6667,0.2056,0.1277,
2026-06-15,2026-06-14,Germany,Curaçao,0.7957,0.1395,0.0648,2-0
2026-06-15,2026-06-14,Ivory Coast,Ecuador,0.2853,0.3107,0.404,1-1
2026-06-15,2026-06-14,Netherlands,Japan,0.3635,0.2997,0.3368,1-1
2026-06-15,2026-06-14,Sweden,Tunisia,0.4792,0.2819,0.239,1-1
2026-06-15,2026-06-15,Belgium,Egypt,0.5786,0.2554,0.1661,1-0
2026-06-15,2026-06-15,Iran,New Zealand,0.5995,0.2207,0.1797,1-1
2026-06-15,2026-06-15,Spain,Cape Verde,0.818,0.1358,0.0462,2-0
2026-06-15,2026-06-15,Saudi Arabia,Uruguay,0.1204,0.236,0.6436,0-1
2026-06-15,2026-06-16,France,Senegal,0.5438,0.2684,0.1878,1-0
2026-06-15,2026-06-16,Iraq,Norway,0.1108,0.2141,0.6751,0-2
2026-06-15,2026-06-16,Argentina,Algeria,0.5508,0.2762,0.173,1-0
2026-06-15,2026-06-16,Austria,Jordan,0.5956,0.2263,0.1781,1-1
2026-06-15,2026-06-17,Portugal,DR Congo,0.5633,0.252,0.1847,1-0
2026-06-15,2026-06-17,Uzbekistan,Colombia,0.174,0.2926,0.5335,0-1
2026-06-15,2026-06-17,England,Croatia,0.6136,0.2196,0.1669,1-1
2026-06-15,2026-06-17,Ghana,Panama,0.4777,0.231,0.2913,1-1
2026-06-15,2026-06-18,Czech Republic,South Africa,0.5754,0.2418,0.1828,1-1
2026-06-15,2026-06-18,Mexico,South Korea,0.5447,0.2544,0.2009,1-1
2026-06-15,2026-06-18,Switzerland,Bosnia and Herzegovina,0.6455,0.2165,0.1379,2-0
2026-06-15,2026-06-18,Canada,Qatar,0.6991,0.1953,0.1056,2-0
2026-06-15,2026-06-19,Scotland,Morocco,0.177,0.2639,0.5591,0-1
2026-06-15,2026-06-19,Brazil,Haiti,0.7593,0.162,0.0787,2-0
2026-06-15,2026-06-19,United States,Australia,0.3424,0.276,0.3816,1-1
2026-06-15,2026-06-19,Turkey,Paraguay,0.4461,0.2727,0.2812,1-1
2026-06-15,2026-06-20,Germany,Ivory Coast,0.4696,0.2969,0.2334,1-0
2026-06-15,2026-06-20,Ecuador,Curaçao,0.7164,0.1862,0.0974,2-0
2026-06-15,2026-06-20,Netherlands,Sweden,0.5828,0.2342,0.1831,1-1
2026-06-15,2026-06-20,Tunisia,Japan,0.1031,0.1911,0.7059,0-2
2026-06-15,2026-06-21,Belgium,Iran,0.6445,0.2004,0.1551,2-1
2026-06-15,2026-06-21,New Zealand,Egypt,0.171,0.2377,0.5913,0-1
2026-06-15,2026-06-21,Spain,Saudi Arabia,0.7913,0.1485,0.0601,2-0
2026-06-15,2026-06-21,Uruguay,Cape Verde,0.6802,0.2186,0.1012,1-0
2026-06-15,2026-06-22,France,Iraq,0.9522,0.0342,0.0136,4-0
2026-06-15,2026-06-22,Norway,Senegal,0.4267,0.2931,0.2802,1-1
2026-06-15,2026-06-22,Argentina,Austria,0.6331,0.2247,0.1422,2-0
2026-06-15,2026-06-22,Jordan,Algeria,0.196,0.2545,0.5495,1-1
2026-06-15,2026-06-23,Portugal,Uzbekistan,0.5561,0.2527,0.1913,1-1
2026-06-15,2026-06-23,Colombia,DR Congo,0.5115,0.2994,0.189,1-0
2026-06-15,2026-06-23,England,Ghana,0.8129,0.1329,0.0543,2-0
2026-06-15,2026-06-23,Panama,Croatia,0.1356,0.1968,0.6676,0-2
2026-06-15,2026-06-24,Mexico,Czech Republic,0.5251,0.2371,0.2378,1-1
2026-06-15,2026-06-24,South Africa,South Korea,0.1537,0.2343,0.6119,0-1
2026-06-15,2026-06-24,Canada,Switzerland,0.2718,0.2615,0.4667,1-1
2026-06-15,2026-06-24,Bosnia and Herzegovina,Qatar,0.6289,0.2157,0.1554,2-0
2026-06-15,2026-06-24,Scotland,Brazil,0.1238,0.2012,0.6749,0-2
2026-06-15,2026-06-24,Morocco,Haiti,0.6554,0.2169,0.1277,2-0
2026-06-15,2026-06-25,United States,Turkey,0.3731,0.2759,0.351,1-1
2026-06-15,2026-06-25,Paraguay,Australia,0.2848,0.272,0.4432,1-1
2026-06-15,2026-06-25,Curaçao,Ivory Coast,0.1331,0.2292,0.6377,0-1
2026-06-15,2026-06-25,Ecuador,Germany,0.2653,0.2797,0.455,1-1
2026-06-15,2026-06-25,Japan,Sweden,0.5363,0.2373,0.2264,1-1
2026-06-15,2026-06-25,Tunisia,Netherlands,0.1134,0.1886,0.698,0-2
2026-06-15,2026-06-26,Egypt,Iran,0.2787,0.2958,0.4255,1-1
2026-06-15,2026-06-26,New Zealand,Belgium,0.0932,0.1644,0.7425,0-2
2026-06-15,2026-06-26,Cape Verde,Saudi Arabia,0.2753,0.2974,0.4272,1-1
2026-06-15,2026-06-26,Uruguay,Spain,0.2131,0.2591,0.5278,1-1
2026-06-15,2026-06-26,Norway,France,0.217,0.2532,0.5298,1-1
2026-06-15,2026-06-26,Senegal,Iraq,0.639,0.235,0.1261,1-0
2026-06-15,2026-06-27,Algeria,Austria,0.3248,0.2896,0.3856,1-1
2026-06-15,2026-06-27,Jordan,Argentina,0.0256,0.0689,0.9055,0-3
2026-06-15,2026-06-27,Colombia,Portugal,0.303,0.2609,0.4361,1-1
2026-06-15,2026-06-27,DR Congo,Uzbekistan,0.2937,0.299,0.4073,1-1
2026-06-15,2026-06-27,Panama,England,0.0136,0.0373,0.9491,0-4
2026-06-15,2026-06-27,Croatia,Ghana,0.6756,0.1959,0.1285,2-0
2026-06-16,2026-06-15,Belgium,Egypt,0.5808,0.253,0.1662,1-0
2026-06-16,2026-06-15,Iran,New Zealand,0.5826,0.229,0.1884,1-1
2026-06-16,2026-06-15,Spain,Cape Verde,0.8341,0.1251,0.0408,2-0
2026-06-16,2026-06-15,Saudi Arabia,Uruguay,0.1321,0.2429,0.625,0-1
2026-06-16,2026-06-16,France,Senegal,0.5491,0.2644,0.1865,1-0
2026-06-16,2026-06-16,Iraq,Norway,0.1431,0.2425,0.6143,0-1
2026-06-16,2026-06-16,Argentina,Algeria,0.5537,0.2721,0.1742,1-0
2026-06-16,2026-06-16,Austria,Jordan,0.5941,0.2248,0.1812,1-1
2026-06-16,2026-06-17,Portugal,DR Congo,0.5402,0.2628,0.197,1-0
2026-06-16,2026-06-17,Uzbekistan,Colombia,0.1783,0.2945,0.5272,0-1
2026-06-16,2026-06-17,England,Croatia,0.573,0.2367,0.1904,1-1
2026-06-16,2026-06-17,Ghana,Panama,0.4474,0.2322,0.3204,1-1
2026-06-16,2026-06-18,Czech Republic,South Africa,0.582,0.2355,0.1825,1-1
2026-06-16,2026-06-18,Mexico,South Korea,0.5301,0.2604,0.2095,1-1
2026-06-16,2026-06-18,Switzerland,Bosnia and Herzegovina,0.6466,0.2161,0.1374,2-0
2026-06-16,2026-06-18,Canada,Qatar,0.6857,0.207,0.1074,2-0
2026-06-16,2026-06-19,Scotland,Morocco,0.197,0.2857,0.5173,0-1
2026-06-16,2026-06-19,Brazil,Haiti,0.7718,0.1515,0.0767,2-0
2026-06-16,2026-06-19,United States,Australia,0.3404,0.2769,0.3827,1-1
2026-06-16,2026-06-19,Turkey,Paraguay,0.4367,0.2695,0.2938,1-1
2026-06-16,2026-06-20,Germany,Ivory Coast,0.4457,0.3109,0.2435,1-0
2026-06-16,2026-06-20,Ecuador,Curaçao,0.7057,0.1946,0.0997,2-0
2026-06-16,2026-06-20,Netherlands,Sweden,0.583,0.2269,0.1901,1-1
2026-06-16,2026-06-20,Tunisia,Japan,0.1374,0.2277,0.6349,0-1
2026-06-16,2026-06-21,Belgium,Iran,0.6104,0.2128,0.1768,2-1
2026-06-16,2026-06-21,New Zealand,Egypt,0.1815,0.2299,0.5886,1-1
2026-06-16,2026-06-21,Spain,Saudi Arabia,0.6571,0.2397,0.1032,1-0
2026-06-16,2026-06-21,Uruguay,Cape Verde,0.5913,0.2621,0.1465,1-0
2026-06-16,2026-06-22,France,Iraq,0.9575,0.0306,0.0119,5-0
2026-06-16,2026-06-22,Norway,Senegal,0.435,0.2943,0.2707,1-1
2026-06-16,2026-06-22,Argentina,Austria,0.5845,0.2396,0.1759,1-1
2026-06-16,2026-06-22,Jordan,Algeria,0.2159,0.2645,0.5195,1-1
2026-06-16,2026-06-23,Portugal,Uzbekistan,0.5382,0.261,0.2007,1-1
2026-06-16,2026-06-23,Colombia,DR Congo,0.5099,0.3032,0.1869,1-0
2026-06-16,2026-06-23,England,Ghana,0.8133,0.1327,0.054,2-0
2026-06-16,2026-06-23,Panama,Croatia,0.1406,0.1941,0.6653,0-2
2026-06-16,2026-06-24,Mexico,Czech Republic,0.5193,0.2382,0.2425,1-1
2026-06-16,2026-06-24,South Africa,South Korea,0.1485,0.2315,0.62,0-1
2026-06-16,2026-06-24,Canada,Switzerland,0.2757,0.2607,0.4636,1-1
2026-06-16,2026-06-24,Bosnia and Herzegovina,Qatar,0.6685,0.1951,0.1364,2-0
2026-06-16,2026-06-24,Scotland,Brazil,0.1406,0.2263,0.6331,0-1
2026-06-16,2026-06-24,Morocco,Haiti,0.602,0.2443,0.1537,1-0
2026-06-16,2026-06-25,United States,Turkey,0.4001,0.2738,0.3261,1-1
2026-06-16,2026-06-25,Paraguay,Australia,0.2781,0.2773,0.4447,1-1
2026-06-16,2026-06-25,Curaçao,Ivory Coast,0.1365,0.2413,0.6222,0-1
2026-06-16,2026-06-25,Ecuador,Germany,0.285,0.2896,0.4254,1-1
2026-06-16,2026-06-25,Japan,Sweden,0.498,0.2413,0.2607,1-1
2026-06-16,2026-06-25,Tunisia,Netherlands,0.1477,0.2262,0.6262,0-2
2026-06-16,2026-06-26,Egypt,Iran,0.2841,0.2907,0.4251,1-1
2026-06-16,2026-06-26,New Zealand,Belgium,0.1225,0.1795,0.698,0-2
2026-06-16,2026-06-26,Cape Verde,Saudi Arabia,0.3071,0.2951,0.3979,1-1
2026-06-16,2026-06-26,Uruguay,Spain,0.1851,0.2764,0.5385,0-1
2026-06-16,2026-06-26,Norway,France,0.2231,0.2587,0.5183,1-1
2026-06-16,2026-06-26,Senegal,Iraq,0.5658,0.2678,0.1664,1-0
2026-06-16,2026-06-27,Algeria,Austria,0.3207,0.2979,0.3814,1-1
2026-06-16,2026-06-27,Jordan,Argentina,0.0269,0.0692,0.9038,0-3
2026-06-16,2026-06-27,Colombia,Portugal,0.3286,0.268,0.4034,1-1
2026-06-16,2026-06-27,DR Congo,Uzbekistan,0.3284,0.3016,0.3701,1-1
2026-06-16,2026-06-27,Panama,England,0.0175,0.045,0.9375,0-4
2026-06-16,2026-06-27,Croatia,Ghana,0.6918,0.1902,0.118,2-0
2026-06-17,2026-06-17,Portugal,DR Congo,0.5413,0.2641,0.1945,1-0
2026-06-17,2026-06-17,Uzbekistan,Colombia,0.1614,0.2925,0.5462,0-1
2026-06-17,2026-06-17,England,Croatia,0.5575,0.237,0.2055,1-1
2026-06-17,2026-06-17,Ghana,Panama,0.4217,0.2353,0.343,1-1
2026-06-17,2026-06-18,Czech Republic,South Africa,0.5949,0.228,0.1771,1-1
2026-06-17,2026-06-18,Mexico,South Korea,0.5139,0.2734,0.2127,1-0
2026-06-17,2026-06-18,Switzerland,Bosnia and Herzegovina,0.6077,0.2326,0.1597,1-0
2026-06-17,2026-06-18,Canada,Qatar,0.6694,0.2113,0.1192,2-0
2026-06-17,2026-06-19,Scotland,Morocco,0.1861,0.2796,0.5343,0-1
2026-06-17,2026-06-19,Brazil,Haiti,0.7668,0.157,0.0762,2-0
2026-06-17,2026-06-19,United States,Australia,0.3473,0.275,0.3777,1-1
2026-06-17,2026-06-19,Turkey,Paraguay,0.428,0.2679,0.3041,1-1
2026-06-17,2026-06-20,Germany,Ivory Coast,0.4239,0.3111,0.265,1-0
2026-06-17,2026-06-20,Ecuador,Curaçao,0.6995,0.2005,0.0999,2-0
2026-06-17,2026-06-20,Netherlands,Sweden,0.5864,0.2264,0.1872,1-1
2026-06-17,2026-06-20,Tunisia,Japan,0.1264,0.2241,0.6495,0-1
2026-06-17,2026-06-21,Belgium,Iran,0.6309,0.2017,0.1674,2-1
2026-06-17,2026-06-21,New Zealand,Egypt,0.185,0.2427,0.5724,1-1
2026-06-17,2026-06-21,Spain,Saudi Arabia,0.7415,0.1815,0.0769,2-0
2026-06-17,2026-06-21,Uruguay,Cape Verde,0.6016,0.2579,0.1404,1-0
2026-06-17,2026-06-22,France,Iraq,0.9466,0.0393,0.0141,4-0
2026-06-17,2026-06-22,Norway,Senegal,0.5102,0.2663,0.2235,1-1
2026-06-17,2026-06-22,Argentina,Austria,0.6296,0.229,0.1414,1-0
2026-06-17,2026-06-22,Jordan,Algeria,0.2206,0.2555,0.5239,1-1
2026-06-17,2026-06-23,Portugal,Uzbekistan,0.5331,0.2698,0.1971,1-0
2026-06-17,2026-06-23,Colombia,DR Congo,0.5648,0.2777,0.1575,1-0
2026-06-17,2026-06-23,England,Ghana,0.7688,0.1626,0.0686,2-0
2026-06-17,2026-06-23,Panama,Croatia,0.1183,0.1663,0.7154,1-2
2026-06-17,2026-06-24,Mexico,Czech Republic,0.5462,0.2362,0.2176,1-1
2026-06-17,2026-06-24,South Africa,South Korea,0.14,0.2177,0.6423,0-2
2026-06-17,2026-06-24,Canada,Switzerland,0.2306,0.2374,0.532,1-1
2026-06-17,2026-06-24,Bosnia and Herzegovina,Qatar,0.5962,0.2272,0.1767,1-1
2026-06-17,2026-06-24,Scotland,Brazil,0.1292,0.2148,0.6561,0-2
2026-06-17,2026-06-24,Morocco,Haiti,0.652,0.2251,0.1229,1-0
2026-06-17,2026-06-25,United States,Turkey,0.3788,0.2742,0.347,1-1
2026-06-17,2026-06-25,Paraguay,Australia,0.3135,0.2641,0.4224,1-1
2026-06-17,2026-06-25,Curaçao,Ivory Coast,0.1082,0.2206,0.6712,0-1
2026-06-17,2026-06-25,Ecuador,Germany,0.2766,0.3052,0.4182,1-1
2026-06-17,2026-06-25,Japan,Sweden,0.515,0.2428,0.2422,1-1
2026-06-17,2026-06-25,Tunisia,Netherlands,0.1428,0.2105,0.6468,0-2
2026-06-17,2026-06-26,Egypt,Iran,0.3298,0.3061,0.3641,1-1
2026-06-17,2026-06-26,New Zealand,Belgium,0.0923,0.1454,0.7623,0-2
2026-06-17,2026-06-26,Cape Verde,Saudi Arabia,0.3101,0.297,0.3929,1-1
2026-06-17,2026-06-26,Uruguay,Spain,0.1629,0.2505,0.5866,0-1
2026-06-17,2026-06-26,Norway,France,0.2258,0.2527,0.5215,1-1
2026-06-17,2026-06-26,Senegal,Iraq,0.595,0.2421,0.1629,1-0
2026-06-17,2026-06-27,Algeria,Austria,0.2849,0.271,0.4442,1-1
2026-06-17,2026-06-27,Jordan,Argentina,0.0229,0.0747,0.9024,0-3
2026-06-17,2026-06-27,Colombia,Portugal,0.3054,0.2619,0.4327,1-1
2026-06-17,2026-06-27,DR Congo,Uzbekistan,0.3511,0.3153,0.3336,1-1
2026-06-17,2026-06-27,Panama,England,0.0192,0.0527,0.9281,0-4
2026-06-17,2026-06-27,Croatia,Ghana,0.7085,0.1816,0.11,2-0
2026-06-18,2026-06-17,Portugal,DR Congo,0.5557,0.2541,0.1902,1-0
2026-06-18,2026-06-17,Uzbekistan,Colombia,0.1594,0.2858,0.5548,0-1
2026-06-18,2026-06-17,England,Croatia,0.5701,0.232,0.1979,1-1
2026-06-18,2026-06-17,Ghana,Panama,0.4188,0.2369,0.3443,1-1
2026-06-18,2026-06-18,Czech Republic,South Africa,0.6235,0.2213,0.1552,2-0
2026-06-18,2026-06-18,Mexico,South Korea,0.5216,0.256,0.2224,1-1
2026-06-18,2026-06-18,Switzerland,Bosnia and Herzegovina,0.61,0.2296,0.1603,2-0
2026-06-18,2026-06-18,Canada,Qatar,0.6859,0.2004,0.1137,2-0
2026-06-18,2026-06-19,Scotland,Morocco,0.1711,0.2682,0.5607,0-1
2026-06-18,2026-06-19,Brazil,Haiti,0.751,0.1639,0.0851,2-0
2026-06-18,2026-06-19,United States,Australia,0.3394,0.2685,0.3921,1-1
2026-06-18,2026-06-19,Turkey,Paraguay,0.4111,0.2706,0.3183,1-1
2026-06-18,2026-06-20,Germany,Ivory Coast,0.4437,0.3079,0.2484,1-0
2026-06-18,2026-06-20,Ecuador,Curaçao,0.7068,0.1983,0.0949,2-0
2026-06-18,2026-06-20,Netherlands,Sweden,0.5962,0.2203,0.1835,1-1
2026-06-18,2026-06-20,Tunisia,Japan,0.1257,0.2296,0.6447,0-1
2026-06-18,2026-06-21,Belgium,Iran,0.6366,0.2056,0.1578,2-1
2026-06-18,2026-06-21,New Zealand,Egypt,0.1703,0.2242,0.6055,1-1
2026-06-18,2026-06-21,Spain,Saudi Arabia,0.753,0.1785,0.0684,2-0
2026-06-18,2026-06-21,Uruguay,Cape Verde,0.5853,0.2639,0.1508,1-0
2026-06-18,2026-06-22,France,Iraq,0.9453,0.0408,0.0139,4-0
2026-06-18,2026-06-22,Norway,Senegal,0.4889,0.2693,0.2418,1-1
2026-06-18,2026-06-22,Argentina,Austria,0.6533,0.2154,0.1313,2-0
2026-06-18,2026-06-22,Jordan,Algeria,0.2046,0.2512,0.5442,1-1
2026-06-18,2026-06-23,Portugal,Uzbekistan,0.616,0.2274,0.1566,2-0
2026-06-18,2026-06-23,Colombia,DR Congo,0.5788,0.2528,0.1683,1-0
2026-06-18,2026-06-23,England,Ghana,0.7492,0.1686,0.0822,2-0
2026-06-18,2026-06-23,Panama,Croatia,0.152,0.2075,0.6406,0-2
2026-06-18,2026-06-24,Mexico,Czech Republic,0.5654,0.2331,0.2015,1-1
2026-06-18,2026-06-24,South Africa,South Korea,0.1283,0.2168,0.6548,0-2
2026-06-18,2026-06-24,Canada,Switzerland,0.2418,0.2416,0.5167,1-1
2026-06-18,2026-06-24,Bosnia and Herzegovina,Qatar,0.6675,0.2068,0.1257,2-0
2026-06-18,2026-06-24,Scotland,Brazil,0.1151,0.197,0.6879,0-2
2026-06-18,2026-06-24,Morocco,Haiti,0.6415,0.2291,0.1294,1-0
2026-06-18,2026-06-25,United States,Turkey,0.3716,0.2821,0.3462,1-1
2026-06-18,2026-06-25,Paraguay,Australia,0.3192,0.2627,0.418,1-1
2026-06-18,2026-06-25,Curaçao,Ivory Coast,0.1184,0.2281,0.6536,0-1
2026-06-18,2026-06-25,Ecuador,Germany,0.267,0.3,0.433,1-1
2026-06-18,2026-06-25,Japan,Sweden,0.481,0.2451,0.2739,1-1
2026-06-18,2026-06-25,Tunisia,Netherlands,0.127,0.2073,0.6656,0-2
2026-06-18,2026-06-26,Egypt,Iran,0.3428,0.3008,0.3564,1-1
2026-06-18,2026-06-26,New Zealand,Belgium,0.0952,0.151,0.7538,0-2
2026-06-18,2026-06-26,Cape Verde,Saudi Arabia,0.3139,0.2941,0.392,1-1
2026-06-18,2026-06-26,Uruguay,Spain,0.1777,0.2682,0.5541,0-1
2026-06-18,2026-06-26,Norway,France,0.1927,0.2372,0.5701,1-1
2026-06-18,2026-06-26,Senegal,Iraq,0.5514,0.2617,0.1869,1-0
2026-06-18,2026-06-27,Algeria,Austria,0.2847,0.2746,0.4407,1-1
2026-06-18,2026-06-27,Jordan,Argentina,0.0265,0.0836,0.8899,0-3
2026-06-18,2026-06-27,Colombia,Portugal,0.3661,0.2545,0.3794,1-1
2026-06-18,2026-06-27,DR Congo,Uzbekistan,0.392,0.2958,0.3122,1-1
2026-06-18,2026-06-27,Panama,England,0.0295,0.0773,0.8933,0-3
2026-06-18,2026-06-27,Croatia,Ghana,0.6416,0.2117,0.1467,2-0
2026-06-19,2026-06-18,Czech Republic,South Africa,0.6215,0.2219,0.1566,2-0
2026-06-19,2026-06-18,Mexico,South Korea,0.5399,0.2507,0.2094,1-1
2026-06-19,2026-06-18,Switzerland,Bosnia and Herzegovina,0.6191,0.2269,0.1541,2-0
2026-06-19,2026-06-18,Canada,Qatar,0.6677,0.2092,0.1231,2-0
2026-06-19,2026-06-19,Scotland,Morocco,0.1428,0.249,0.6081,0-1
2026-06-19,2026-06-19,Brazil,Haiti,0.763,0.1576,0.0795,2-0
2026-06-19,2026-06-19,United States,Australia,0.3926,0.2679,0.3395,1-1
2026-06-19,2026-06-19,Turkey,Paraguay,0.4225,0.2674,0.31,1-1
2026-06-19,2026-06-20,Germany,Ivory Coast,0.4611,0.2993,0.2397,1-0
2026-06-19,2026-06-20,Ecuador,Curaçao,0.7478,0.1733,0.0789,2-0
2026-06-19,2026-06-20,Netherlands,Sweden,0.655,0.1974,0.1476,2-1
2026-06-19,2026-06-20,Tunisia,Japan,0.1223,0.2235,0.6541,0-1
2026-06-19,2026-06-21,Belgium,Iran,0.6471,0.1994,0.1534,2-1
2026-06-19,2026-06-21,New Zealand,Egypt,0.1802,0.2296,0.5902,1-1
2026-06-19,2026-06-21,Spain,Saudi Arabia,0.7494,0.1783,0.0723,2-0
2026-06-19,2026-06-21,Uruguay,Cape Verde,0.6551,0.2318,0.1131,1-0
2026-06-19,2026-06-22,France,Iraq,0.9459,0.0402,0.0138,4-0
2026-06-19,2026-06-22,Norway,Senegal,0.4972,0.2805,0.2223,1-0
2026-06-19,2026-06-22,Argentina,Austria,0.6356,0.2289,0.1355,1-0
2026-06-19,2026-06-22,Jordan,Algeria,0.1744,0.2291,0.5965,1-1
2026-06-19,2026-06-23,Portugal,Uzbekistan,0.6148,0.2274,0.1578,2-0
2026-06-19,2026-06-23,Colombia,DR Congo,0.5639,0.2565,0.1796,1-0
2026-06-19,2026-06-23,England,Ghana,0.7393,0.1702,0.0905,2-0
2026-06-19,2026-06-23,Panama,Croatia,0.1236,0.1858,0.6906,0-2
2026-06-19,2026-06-24,Mexico,Czech Republic,0.5189,0.2471,0.234,1-1
2026-06-19,2026-06-24,South Africa,South Korea,0.1505,0.2367,0.6128,0-1
2026-06-19,2026-06-24,Canada,Switzerland,0.2136,0.2346,0.5518,1-1
2026-06-19,2026-06-24,Bosnia and Herzegovina,Qatar,0.7288,0.1763,0.0949,2-0
2026-06-19,2026-06-24,Scotland,Brazil,0.1118,0.2001,0.6881,0-2
2026-06-19,2026-06-24,Morocco,Haiti,0.6694,0.2108,0.1199,2-0
2026-06-19,2026-06-25,United States,Turkey,0.3803,0.2815,0.3382,1-1
2026-06-19,2026-06-25,Paraguay,Australia,0.3454,0.2635,0.3911,1-1
2026-06-19,2026-06-25,Curaçao,Ivory Coast,0.1056,0.2018,0.6926,0-2
2026-06-19,2026-06-25,Ecuador,Germany,0.2832,0.3031,0.4137,1-1
2026-06-19,2026-06-25,Japan,Sweden,0.5012,0.252,0.2468,1-1
2026-06-19,2026-06-25,Tunisia,Netherlands,0.0929,0.1663,0.7408,0-2
2026-06-19,2026-06-26,Egypt,Iran,0.3316,0.2967,0.3717,1-1
2026-06-19,2026-06-26,New Zealand,Belgium,0.0944,0.1486,0.757,0-2
2026-06-19,2026-06-26,Cape Verde,Saudi Arabia,0.2668,0.2865,0.4467,1-1
2026-06-19,2026-06-26,Uruguay,Spain,0.1892,0.2746,0.5362,0-1
2026-06-19,2026-06-26,Norway,France,0.2201,0.2602,0.5196,1-1
2026-06-19,2026-06-26,Senegal,Iraq,0.5962,0.2342,0.1696,1-1
2026-06-19,2026-06-27,Algeria,Austria,0.2896,0.2848,0.4255,1-1
2026-06-19,2026-06-27,Jordan,Argentina,0.0206,0.0693,0.9101,0-3
2026-06-19,2026-06-27,Colombia,Portugal,0.352,0.2572,0.3908,1-1
2026-06-19,2026-06-27,DR Congo,Uzbekistan,0.3952,0.2927,0.3121,1-1
2026-06-19,2026-06-27,Panama,England,0.027,0.0746,0.8984,0-3
2026-06-19,2026-06-27,Croatia,Ghana,0.6359,0.2138,0.1503,2-0
2026-06-20,2026-06-19,Scotland,Morocco,0.1393,0.2439,0.6168,0-1
2026-06-20,2026-06-19,Brazil,Haiti,0.7899,0.1427,0.0674,2-0
2026-06-20,2026-06-19,United States,Australia,0.3761,0.2733,0.3506,1-1
2026-06-20,2026-06-19,Turkey,Paraguay,0.4333,0.2657,0.301,1-1
2026-06-20,2026-06-20,Germany,Ivory Coast,0.4234,0.3125,0.2641,1-0
2026-06-20,2026-06-20,Ecuador,Curaçao,0.7886,0.1507,0.0606,2-0
2026-06-20,2026-06-20,Netherlands,Sweden,0.6518,0.2004,0.1478,2-0
2026-06-20,2026-06-20,Tunisia,Japan,0.1449,0.2411,0.614,0-1
2026-06-20,2026-06-21,Belgium,Iran,0.5964,0.2252,0.1785,1-1
2026-06-20,2026-06-21,New Zealand,Egypt,0.1714,0.2287,0.6,1-1
2026-06-20,2026-06-21,Spain,Saudi Arabia,0.7798,0.1616,0.0586,2-0
2026-06-20,2026-06-21,Uruguay,Cape Verde,0.6798,0.2219,0.0984,1-0
2026-06-20,2026-06-22,France,Iraq,0.9403,0.0448,0.0149,4-0
2026-06-20,2026-06-22,Norway,Senegal,0.5294,0.2652,0.2054,1-1
2026-06-20,2026-06-22,Argentina,Austria,0.6766,0.2057,0.1177,2-0
2026-06-20,2026-06-22,Jordan,Algeria,0.1855,0.2413,0.5731,1-1
2026-06-20,2026-06-23,Portugal,Uzbekistan,0.6267,0.2185,0.1548,2-0
2026-06-20,2026-06-23,Colombia,DR Congo,0.622,0.2321,0.1458,1-0
2026-06-20,2026-06-23,England,Ghana,0.8019,0.1391,0.0589,2-0
2026-06-20,2026-06-23,Panama,Croatia,0.1353,0.2102,0.6545,0-2
2026-06-20,2026-06-24,Mexico,Czech Republic,0.5019,0.2506,0.2474,1-1
2026-06-20,2026-06-24,South Africa,South Korea,0.1403,0.2253,0.6344,0-2
2026-06-20,2026-06-24,Canada,Switzerland,0.2099,0.2299,0.5602,1-1
2026-06-20,2026-06-24,Bosnia and Herzegovina,Qatar,0.748,0.1691,0.0828,2-0
2026-06-20,2026-06-24,Scotland,Brazil,0.1303,0.2237,0.646,0-1
2026-06-20,2026-06-24,Morocco,Haiti,0.7005,0.1999,0.0995,2-0
2026-06-20,2026-06-25,United States,Turkey,0.3895,0.292,0.3185,1-1
2026-06-20,2026-06-25,Paraguay,Australia,0.4958,0.2782,0.226,1-1
2026-06-20,2026-06-25,Curaçao,Ivory Coast,0.0836,0.1821,0.7343,0-2
2026-06-20,2026-06-25,Ecuador,Germany,0.3001,0.3076,0.3923,1-1
2026-06-20,2026-06-25,Japan,Sweden,0.4688,0.2488,0.2824,1-1
2026-06-20,2026-06-25,Tunisia,Netherlands,0.1105,0.1876,0.7019,0-2
2026-06-20,2026-06-26,Egypt,Iran,0.3604,0.3087,0.3309,1-1
2026-06-20,2026-06-26,New Zealand,Belgium,0.0839,0.1397,0.7764,0-2
2026-06-20,2026-06-26,Cape Verde,Saudi Arabia,0.2953,0.3203,0.3844,1-1
2026-06-20,2026-06-26,Uruguay,Spain,0.1806,0.282,0.5374,0-1
2026-06-20,2026-06-26,Norway,France,0.2185,0.2609,0.5206,1-1
2026-06-20,2026-06-26,Senegal,Iraq,0.6094,0.2374,0.1533,1-0
2026-06-20,2026-06-27,Algeria,Austria,0.2781,0.2808,0.441,1-1
2026-06-20,2026-06-27,Jordan,Argentina,0.0219,0.0725,0.9056,0-3
2026-06-20,2026-06-27,Colombia,Portugal,0.3987,0.263,0.3383,1-1
2026-06-20,2026-06-27,DR Congo,Uzbekistan,0.3695,0.2996,0.3309,1-1
2026-06-20,2026-06-27,Panama,England,0.0187,0.0564,0.9249,0-3
2026-06-20,2026-06-27,Croatia,Ghana,0.6624,0.206,0.1316,2-0
2026-06-21,2026-06-21,Belgium,Iran,0.5843,0.2244,0.1914,1-1
2026-06-21,2026-06-21,New Zealand,Egypt,0.1591,0.2302,0.6107,0-2
2026-06-21,2026-06-21,Spain,Saudi Arabia,0.7408,0.1915,0.0677,2-0
2026-06-21,2026-06-21,Uruguay,Cape Verde,0.6671,0.2259,0.107,1-0
2026-06-21,2026-06-22,France,Iraq,0.9612,0.0295,0.0093,4-0
2026-06-21,2026-06-22,Norway,Senegal,0.4929,0.2787,0.2284,1-1
2026-06-21,2026-06-22,Argentina,Austria,0.6984,0.2004,0.1012,2-0
2026-06-21,2026-06-22,Jordan,Algeria,0.1592,0.2384,0.6024,0-1
2026-06-21,2026-06-23,Portugal,Uzbekistan,0.589,0.237,0.1739,1-1
2026-06-21,2026-06-23,Colombia,DR Congo,0.5836,0.2445,0.1719,1-0
2026-06-21,2026-06-23,England,Ghana,0.8222,0.1282,0.0496,2-0
2026-06-21,2026-06-23,Panama,Croatia,0.1561,0.2131,0.6309,0-2
2026-06-21,2026-06-24,Mexico,Czech Republic,0.5399,0.2422,0.2179,1-1
2026-06-21,2026-06-24,South Africa,South Korea,0.113,0.2012,0.6858,0-2
2026-06-21,2026-06-24,Canada,Switzerland,0.2305,0.2384,0.5311,1-1
2026-06-21,2026-06-24,Bosnia and Herzegovina,Qatar,0.7452,0.1693,0.0855,2-0
2026-06-21,2026-06-24,Scotland,Brazil,0.0997,0.1855,0.7148,0-2
2026-06-21,2026-06-24,Morocco,Haiti,0.6484,0.24,0.1116,1-0
2026-06-21,2026-06-25,United States,Turkey,0.4022,0.2836,0.3142,1-1
2026-06-21,2026-06-25,Paraguay,Australia,0.4457,0.2864,0.2679,1-1
2026-06-21,2026-06-25,Curaçao,Ivory Coast,0.1486,0.2658,0.5856,0-1
2026-06-21,2026-06-25,Ecuador,Germany,0.2355,0.2887,0.4758,1-1
2026-06-21,2026-06-25,Japan,Sweden,0.5137,0.2258,0.2605,1-1
2026-06-21,2026-06-25,Tunisia,Netherlands,0.0599,0.1266,0.8135,0-2
2026-06-21,2026-06-26,Egypt,Iran,0.386,0.3095,0.3045,1-1
2026-06-21,2026-06-26,New Zealand,Belgium,0.0731,0.1278,0.799,0-3
2026-06-21,2026-06-26,Cape Verde,Saudi Arabia,0.2702,0.3029,0.4269,1-1
2026-06-21,2026-06-26,Uruguay,Spain,0.1729,0.2733,0.5538,0-1
2026-06-21,2026-06-26,Norway,France,0.1917,0.2387,0.5696,1-1
2026-06-21,2026-06-26,Senegal,Iraq,0.6276,0.2251,0.1473,2-0
2026-06-21,2026-06-27,Algeria,Austria,0.3073,0.2919,0.4008,1-1
2026-06-21,2026-06-27,Jordan,Argentina,0.0156,0.0574,0.927,0-3
2026-06-21,2026-06-27,Colombia,Portugal,0.3691,0.2616,0.3692,1-1
2026-06-21,2026-06-27,DR Congo,Uzbekistan,0.3709,0.2994,0.3297,1-1
2026-06-21,2026-06-27,Panama,England,0.0213,0.0633,0.9154,0-3
2026-06-21,2026-06-27,Croatia,Ghana,0.6971,0.1886,0.1142,2-0
2026-06-22,2026-06-22,France,Iraq,0.9783,0.0172,0.0045,5-0
2026-06-22,2026-06-22,Norway,Senegal,0.5081,0.2743,0.2175,1-1
2026-06-22,2026-06-22,Argentina,Austria,0.6889,0.2033,0.1078,2-0
2026-06-22,2026-06-22,Jordan,Algeria,0.153,0.2333,0.6138,0-1
2026-06-22,2026-06-23,Portugal,Uzbekistan,0.5899,0.2381,0.172,1-0
2026-06-22,2026-06-23,Colombia,DR Congo,0.6323,0.2225,0.1451,2-0
2026-06-22,2026-06-23,England,Ghana,0.8521,0.1094,0.0384,2-0
2026-06-22,2026-06-23,Panama,Croatia,0.1718,0.2407,0.5875,0-1
2026-06-22,2026-06-24,Mexico,Czech Republic,0.5436,0.2444,0.212,1-1
2026-06-22,2026-06-24,South Africa,South Korea,0.1207,0.2119,0.6673,0-2
2026-06-22,2026-06-24,Canada,Switzerland,0.2135,0.2316,0.5549,1-1
2026-06-22,2026-06-24,Bosnia and Herzegovina,Qatar,0.7274,0.1832,0.0895,2-0
2026-06-22,2026-06-24,Scotland,Brazil,0.1217,0.2031,0.6751,0-2
2026-06-22,2026-06-24,Morocco,Haiti,0.6985,0.2096,0.0919,2-0
2026-06-22,2026-06-25,United States,Turkey,0.3845,0.2855,0.3299,1-1
2026-06-22,2026-06-25,Paraguay,Australia,0.4316,0.2814,0.287,1-1
2026-06-22,2026-06-25,Curaçao,Ivory Coast,0.1532,0.2846,0.5622,0-1
2026-06-22,2026-06-25,Ecuador,Germany,0.2145,0.2754,0.5101,0-1
2026-06-22,2026-06-25,Japan,Sweden,0.5387,0.225,0.2363,1-1
2026-06-22,2026-06-25,Tunisia,Netherlands,0.068,0.1481,0.7838,0-2
2026-06-22,2026-06-26,Egypt,Iran,0.3426,0.315,0.3424,1-1
2026-06-22,2026-06-26,New Zealand,Belgium,0.0611,0.1291,0.8098,0-2
2026-06-22,2026-06-26,Cape Verde,Saudi Arabia,0.353,0.2991,0.3479,1-1
2026-06-22,2026-06-26,Uruguay,Spain,0.1558,0.2641,0.5801,0-1
2026-06-22,2026-06-26,Norway,France,0.1962,0.2324,0.5714,1-1
2026-06-22,2026-06-26,Senegal,Iraq,0.6307,0.2321,0.1371,1-0
2026-06-22,2026-06-27,Algeria,Austria,0.281,0.2869,0.4321,1-1
2026-06-22,2026-06-27,Jordan,Argentina,0.0094,0.0373,0.9533,0-4
2026-06-22,2026-06-27,Colombia,Portugal,0.4152,0.2664,0.3184,1-1
2026-06-22,2026-06-27,DR Congo,Uzbekistan,0.3671,0.3004,0.3325,1-1
2026-06-22,2026-06-27,Panama,England,0.018,0.053,0.929,0-4
2026-06-22,2026-06-27,Croatia,Ghana,0.6949,0.1884,0.1167,2-0
2026-06-23,2026-06-22,France,Iraq,0.9739,0.0207,0.0055,5-0
2026-06-23,2026-06-22,Norway,Senegal,0.5111,0.272,0.2169,1-1
2026-06-23,2026-06-22,Argentina,Austria,0.7054,0.1943,0.1003,2-0
2026-06-23,2026-06-22,Jordan,Algeria,0.1462,0.2293,0.6245,0-1
2026-06-23,2026-06-23,Portugal,Uzbekistan,0.6161,0.2236,0.1603,2-0
2026-06-23,2026-06-23,Colombia,DR Congo,0.6284,0.2278,0.1438,1-0
2026-06-23,2026-06-23,England,Ghana,0.8232,0.1284,0.0484,2-0
2026-06-23,2026-06-23,Panama,Croatia,0.1837,0.2531,0.5632,0-1
2026-06-23,2026-06-24,Mexico,Czech Republic,0.5548,0.2406,0.2046,1-1
2026-06-23,2026-06-24,South Africa,South Korea,0.1105,0.2026,0.6869,0-2
2026-06-23,2026-06-24,Canada,Switzerland,0.2449,0.2499,0.5052,1-1
2026-06-23,2026-06-24,Bosnia and Herzegovina,Qatar,0.7017,0.1919,0.1064,2-0
2026-06-23,2026-06-24,Scotland,Brazil,0.1398,0.2199,0.6403,0-2
2026-06-23,2026-06-24,Morocco,Haiti,0.7174,0.2053,0.0773,1-0
2026-06-23,2026-06-25,United States,Turkey,0.3993,0.2785,0.3222,1-1
2026-06-23,2026-06-25,Paraguay,Australia,0.4087,0.2864,0.3049,1-1
2026-06-23,2026-06-25,Curaçao,Ivory Coast,0.146,0.2798,0.5741,0-1
2026-06-23,2026-06-25,Ecuador,Germany,0.219,0.2859,0.4951,0-1
2026-06-23,2026-06-25,Japan,Sweden,0.5232,0.2276,0.2491,1-1
2026-06-23,2026-06-25,Tunisia,Netherlands,0.0704,0.1565,0.7731,0-2
2026-06-23,2026-06-26,Egypt,Iran,0.3494,0.3226,0.328,1-1
2026-06-23,2026-06-26,New Zealand,Belgium,0.0729,0.1408,0.7863,0-2
2026-06-23,2026-06-26,Cape Verde,Saudi Arabia,0.3595,0.297,0.3434,1-1
2026-06-23,2026-06-26,Uruguay,Spain,0.1412,0.2451,0.6137,0-1
2026-06-23,2026-06-26,Norway,France,0.2585,0.2563,0.4853,1-1
2026-06-23,2026-06-26,Senegal,Iraq,0.6198,0.2316,0.1486,1-0
2026-06-23,2026-06-27,Algeria,Austria,0.3215,0.2716,0.407,1-1
2026-06-23,2026-06-27,Jordan,Argentina,0.0122,0.0542,0.9336,0-3
2026-06-23,2026-06-27,Colombia,Portugal,0.4218,0.2595,0.3187,1-1
2026-06-23,2026-06-27,DR Congo,Uzbekistan,0.3666,0.3084,0.3249,1-1
2026-06-23,2026-06-27,Panama,England,0.0151,0.0516,0.9333,0-3
2026-06-23,2026-06-27,Croatia,Ghana,0.6916,0.1904,0.118,2-0
2026-06-24,2026-06-24,Mexico,Czech Republic,0.5121,0.2482,0.2397,1-1
2026-06-24,2026-06-24,South Africa,South Korea,0.1105,0.2032,0.6863,0-2
2026-06-24,2026-06-24,Canada,Switzerland,0.2257,0.2383,0.536,1-1
2026-06-24,2026-06-24,Bosnia and Herzegovina,Qatar,0.6901,0.2061,0.1038,2-0
2026-06-24,2026-06-24,Scotland,Brazil,0.1016,0.1965,0.7019,0-2
2026-06-24,2026-06-24,Morocco,Haiti,0.7094,0.2109,0.0797,1-0
2026-06-24,2026-06-25,United States,Turkey,0.4073,0.2917,0.301,1-1
2026-06-24,2026-06-25,Paraguay,Australia,0.4149,0.2899,0.2952,1-1
2026-06-24,2026-06-25,Curaçao,Ivory Coast,0.1405,0.2751,0.5844,0-1
2026-06-24,2026-06-25,Ecuador,Germany,0.2088,0.2771,0.514,0-1
2026-06-24,2026-06-25,Japan,Sweden,0.5285,0.2272,0.2443,1-1
2026-06-24,2026-06-25,Tunisia,Netherlands,0.054,0.1398,0.8062,0-2
2026-06-24,2026-06-26,Egypt,Iran,0.3229,0.3448,0.3323,0-0
2026-06-24,2026-06-26,New Zealand,Belgium,0.0507,0.1122,0.8372,0-3
2026-06-24,2026-06-26,Cape Verde,Saudi Arabia,0.3772,0.2938,0.3289,1-1
2026-06-24,2026-06-26,Uruguay,Spain,0.1226,0.2303,0.6472,0-1
2026-06-24,2026-06-26,Norway,France,0.2311,0.247,0.5219,1-1
2026-06-24,2026-06-26,Senegal,Iraq,0.6514,0.2155,0.1332,2-0
2026-06-24,2026-06-27,Algeria,Austria,0.3182,0.2685,0.4133,1-1
2026-06-24,2026-06-27,Jordan,Argentina,0.0162,0.0678,0.916,0-3
2026-06-24,2026-06-27,Colombia,Portugal,0.3304,0.2819,0.3877,1-1
2026-06-24,2026-06-27,DR Congo,Uzbekistan,0.3762,0.2998,0.324,1-1
2026-06-24,2026-06-27,Panama,England,0.029,0.0938,0.8772,0-3
2026-06-24,2026-06-27,Croatia,Ghana,0.7068,0.181,0.1122,2-0
2026-06-25,2026-06-25,United States,Turkey,0.4205,0.2825,0.297,1-1
2026-06-25,2026-06-25,Paraguay,Australia,0.4057,0.2951,0.2992,1-1
2026-06-25,2026-06-25,Curaçao,Ivory Coast,0.1417,0.2436,0.6148,0-1
2026-06-25,2026-06-25,Ecuador,Germany,0.2273,0.2928,0.4799,0-1
2026-06-25,2026-06-25,Japan,Sweden,0.5821,0.2078,0.2102,2-1
2026-06-25,2026-06-25,Tunisia,Netherlands,0.0503,0.1381,0.8116,0-2
2026-06-25,2026-06-26,Egypt,Iran,0.3549,0.3393,0.3058,0-0
2026-06-25,2026-06-26,New Zealand,Belgium,0.0482,0.1088,0.843,0-3
2026-06-25,2026-06-26,Cape Verde,Saudi Arabia,0.4118,0.2991,0.2891,1-1
2026-06-25,2026-06-26,Uruguay,Spain,0.117,0.2304,0.6526,0-1
2026-06-25,2026-06-26,Norway,France,0.2474,0.2551,0.4976,1-1
2026-06-25,2026-06-26,Senegal,Iraq,0.6519,0.2154,0.1327,2-0
2026-06-25,2026-06-27,Algeria,Austria,0.3106,0.2723,0.4171,1-1
2026-06-25,2026-06-27,Jordan,Argentina,0.0202,0.0769,0.9029,0-3
2026-06-25,2026-06-27,Colombia,Portugal,0.3233,0.2801,0.3966,1-1
2026-06-25,2026-06-27,DR Congo,Uzbekistan,0.3887,0.3066,0.3047,1-1
2026-06-25,2026-06-27,Panama,England,0.0183,0.0643,0.9174,0-3
2026-06-25,2026-06-27,Croatia,Ghana,0.6607,0.2023,0.137,2-0
2026-06-26,2026-06-25,United States,Turkey,0.4289,0.2814,0.2898,1-1
2026-06-26,2026-06-25,Paraguay,Australia,0.3968,0.2989,0.3043,1-1
2026-06-26,2026-06-25,Curaçao,Ivory Coast,0.1613,0.255,0.5837,0-1
2026-06-26,2026-06-25,Ecuador,Germany,0.2241,0.2904,0.4855,0-1
2026-06-26,2026-06-25,Japan,Sweden,0.5815,0.2089,0.2097,2-1
2026-06-26,2026-06-25,Tunisia,Netherlands,0.0575,0.1412,0.8013,0-2
2026-06-26,2026-06-26,Egypt,Iran,0.3394,0.3473,0.3133,0-0
2026-06-26,2026-06-26,New Zealand,Belgium,0.0442,0.1113,0.8445,0-2
2026-06-26,2026-06-26,Cape Verde,Saudi Arabia,0.3506,0.3112,0.3382,1-1
2026-06-26,2026-06-26,Uruguay,Spain,0.1032,0.2154,0.6814,0-1
2026-06-26,2026-06-26,Norway,France,0.2358,0.251,0.5133,1-1
2026-06-26,2026-06-26,Senegal,Iraq,0.6846,0.2046,0.1108,2-0
2026-06-26,2026-06-27,Algeria,Austria,0.3364,0.2754,0.3882,1-1
2026-06-26,2026-06-27,Jordan,Argentina,0.0205,0.0746,0.9049,0-3
2026-06-26,2026-06-27,Colombia,Portugal,0.3849,0.2862,0.3289,1-1
2026-06-26,2026-06-27,DR Congo,Uzbekistan,0.3813,0.3175,0.3012,1-1
2026-06-26,2026-06-27,Panama,England,0.0187,0.0673,0.914,0-3
2026-06-26,2026-06-27,Croatia,Ghana,0.6436,0.2112,0.1452,2-0
2026-06-27,2026-06-26,Egypt,Iran,0.3612,0.3536,0.2852,0-0
2026-06-27,2026-06-26,New Zealand,Belgium,0.0544,0.1245,0.8212,0-2
2026-06-27,2026-06-26,Cape Verde,Saudi Arabia,0.3604,0.3084,0.3311,1-1
2026-06-27,2026-06-26,Uruguay,Spain,0.1053,0.217,0.6776,0-1
2026-06-27,2026-06-26,Norway,France,0.2292,0.251,0.5199,1-1
2026-06-27,2026-06-26,Senegal,Iraq,0.6794,0.2101,0.1105,2-0
2026-06-27,2026-06-27,Algeria,Austria,0.3356,0.2756,0.3888,1-1
2026-06-27,2026-06-27,Jordan,Argentina,0.0221,0.0827,0.8952,0-3
2026-06-27,2026-06-27,Colombia,Portugal,0.3628,0.2809,0.3563,1-1
2026-06-27,2026-06-27,DR Congo,Uzbekistan,0.3804,0.3173,0.3022,1-1
2026-06-27,2026-06-27,Panama,England,0.0207,0.0737,0.9057,0-3
2026-06-27,2026-06-27,Croatia,Ghana,0.6302,0.2178,0.152,2-0
2026-06-28,2026-06-28,South Africa,Canada,0.1118,0.2082,0.68,0-2
2026-06-28,2026-06-29,Brazil,Japan,0.5016,0.268,0.2304,1-1
2026-06-28,2026-06-29,Germany,Paraguay,0.5065,0.2765,0.217,1-0
2026-06-28,2026-06-29,Netherlands,Morocco,0.4701,0.259,0.271,1-1
2026-06-28,2026-06-30,Ivory Coast,Norway,0.2648,0.2589,0.4763,1-1
2026-06-28,2026-06-30,France,Sweden,0.7747,0.1544,0.0709,2-0
2026-06-28,2026-06-30,Mexico,Ecuador,0.3127,0.35,0.3373,0-0
2026-06-28,2026-07-01,England,DR Congo,0.6157,0.2578,0.1265,1-0
2026-06-28,2026-07-01,Belgium,Senegal,0.5061,0.2312,0.2627,1-1
2026-06-28,2026-07-01,United States,Bosnia and Herzegovina,0.6709,0.2039,0.1252,2-0
2026-06-28,2026-07-02,Spain,Austria,0.7611,0.1575,0.0814,2-0
2026-06-28,2026-07-02,Portugal,Croatia,0.6892,0.1686,0.1422,2-1
2026-06-28,2026-07-02,Switzerland,Algeria,0.5918,0.2179,0.1903,1-1
2026-06-28,2026-07-03,Australia,Egypt,0.3235,0.3304,0.3461,0-0
2026-06-28,2026-07-03,Argentina,Cape Verde,0.6335,0.2728,0.0937,1-0
2026-06-28,2026-07-03,Colombia,Ghana,0.7059,0.2054,0.0887,2-0
2026-06-29,2026-06-29,Brazil,Japan,0.4989,0.2635,0.2376,1-1
2026-06-29,2026-06-29,Germany,Paraguay,0.5513,0.265,0.1837,1-0
2026-06-29,2026-06-29,Netherlands,Morocco,0.4533,0.2615,0.2852,1-1
2026-06-29,2026-06-30,Ivory Coast,Norway,0.2595,0.256,0.4845,1-1
2026-06-29,2026-06-30,France,Sweden,0.7865,0.1486,0.0649,2-0
2026-06-29,2026-06-30,Mexico,Ecuador,0.292,0.3407,0.3673,0-0
2026-06-29,2026-07-01,England,DR Congo,0.6166,0.2552,0.1282,1-0
2026-06-29,2026-07-01,Belgium,Senegal,0.5093,0.2353,0.2553,1-1
2026-06-29,2026-07-01,United States,Bosnia and Herzegovina,0.6611,0.2108,0.1282,2-0
2026-06-29,2026-07-02,Spain,Austria,0.7496,0.1683,0.0821,2-0
2026-06-29,2026-07-02,Portugal,Croatia,0.6906,0.1701,0.1393,2-1
2026-06-29,2026-07-02,Switzerland,Algeria,0.5545,0.2304,0.2151,1-1
2026-06-29,2026-07-03,Australia,Egypt,0.3232,0.3278,0.349,0-0
2026-06-29,2026-07-03,Argentina,Cape Verde,0.6164,0.2832,0.1004,1-0
2026-06-29,2026-07-03,Colombia,Ghana,0.6736,0.2215,0.1049,1-0
2026-06-30,2026-06-30,Ivory Coast,Norway,0.2494,0.2618,0.4889,1-1
2026-06-30,2026-06-30,France,Sweden,0.7733,0.1584,0.0682,2-0
2026-06-30,2026-06-30,Mexico,Ecuador,0.3108,0.3481,0.3411,0-0
2026-06-30,2026-07-01,England,DR Congo,0.6697,0.2266,0.1037,1-0
2026-06-30,2026-07-01,Belgium,Senegal,0.503,0.238,0.2591,1-1
2026-06-30,2026-07-01,United States,Bosnia and Herzegovina,0.6914,0.1942,0.1143,2-0
2026-06-30,2026-07-02,Spain,Austria,0.7108,0.1878,0.1014,2-0
2026-06-30,2026-07-02,Portugal,Croatia,0.6604,0.1842,0.1554,2-1
2026-06-30,2026-07-02,Switzerland,Algeria,0.599,0.219,0.182,1-1
2026-06-30,2026-07-03,Australia,Egypt,0.3169,0.3247,0.3584,0-0
2026-06-30,2026-07-03,Argentina,Cape Verde,0.6434,0.2637,0.0929,1-0
2026-06-30,2026-07-03,Colombia,Ghana,0.6251,0.2531,0.1219,1-0
2026-06-30,2026-07-04,Canada,Morocco,0.1808,0.252,0.5672,0-1
2026-07-01,2026-07-01,England,DR Congo,0.6581,0.2292,0.1127,1-0
2026-07-01,2026-07-01,Belgium,Senegal,0.5081,0.2425,0.2494,1-1
2026-07-01,2026-07-01,United States,Bosnia and Herzegovina,0.6782,0.1965,0.1253,2-0
2026-07-01,2026-07-02,Spain,Austria,0.7062,0.1984,0.0954,2-0
2026-07-01,2026-07-02,Portugal,Croatia,0.6915,0.1769,0.1316,2-1
2026-07-01,2026-07-02,Switzerland,Algeria,0.5999,0.2143,0.1859,2-1
2026-07-01,2026-07-03,Australia,Egypt,0.3698,0.3167,0.3134,1-1
2026-07-01,2026-07-03,Argentina,Cape Verde,0.685,0.2395,0.0755,1-0
2026-07-01,2026-07-03,Colombia,Ghana,0.6722,0.2302,0.0976,1-0
2026-07-01,2026-07-04,Canada,Morocco,0.1785,0.2539,0.5676,0-1
2026-07-01,2026-07-04,Paraguay,France,0.0863,0.2234,0.6903,0-1
2026-07-01,2026-07-05,Brazil,Norway,0.6396,0.2054,0.155,2-0
2026-07-02,2026-07-02,Spain,Austria,0.7046,0.1925,0.1029,2-0
2026-07-02,2026-07-02,Portugal,Croatia,0.6931,0.1742,0.1327,2-1
2026-07-02,2026-07-02,Switzerland,Algeria,0.6338,0.2007,0.1655,2-1
2026-07-02,2026-07-03,Australia,Egypt,0.3216,0.3218,0.3566,1-1
2026-07-02,2026-07-03,Argentina,Cape Verde,0.6013,0.2902,0.1085,1-0
2026-07-02,2026-07-03,Colombia,Ghana,0.6266,0.2626,0.1108,1-0
2026-07-02,2026-07-04,Canada,Morocco,0.1752,0.2522,0.5725,0-1
2026-07-02,2026-07-04,Paraguay,France,0.0968,0.2225,0.6807,0-1
2026-07-02,2026-07-05,Brazil,Norway,0.622,0.2082,0.1698,2-1
2026-07-02,2026-07-05,Mexico,England,0.3004,0.3127,0.3869,1-1
2026-07-02,2026-07-06,United States,Belgium,0.1994,0.2271,0.5735,1-1
2026-07-03,2026-07-03,Australia,Egypt,0.3181,0.3365,0.3454,0-0
2026-07-03,2026-07-03,Argentina,Cape Verde,0.6961,0.2284,0.0755,1-0
2026-07-03,2026-07-03,Colombia,Ghana,0.6892,0.2241,0.0866,1-0
2026-07-03,2026-07-04,Canada,Morocco,0.1657,0.2448,0.5895,0-1
2026-07-03,2026-07-04,Paraguay,France,0.0692,0.2041,0.7266,0-1
2026-07-03,2026-07-05,Brazil,Norway,0.6635,0.1984,0.1381,2-0
2026-07-03,2026-07-05,Mexico,England,0.3061,0.298,0.3959,1-1
2026-07-03,2026-07-06,Portugal,Spain,0.2334,0.2081,0.5585,1-2
2026-07-03,2026-07-06,United States,Belgium,0.19,0.2208,0.5891,1-1
2026-07-04,2026-07-04,Canada,Morocco,0.1882,0.2496,0.5622,1-1
2026-07-04,2026-07-04,Paraguay,France,0.0943,0.2228,0.6829,0-1
2026-07-04,2026-07-05,Brazil,Norway,0.6445,0.2105,0.1449,2-0
2026-07-04,2026-07-05,Mexico,England,0.3129,0.2889,0.3982,1-1
2026-07-04,2026-07-06,Portugal,Spain,0.2968,0.2098,0.4934,1-2
2026-07-04,2026-07-06,United States,Belgium,0.1652,0.2132,0.6217,1-1
2026-07-04,2026-07-06,Argentina,Egypt,0.6207,0.2341,0.1452,1-0
2026-07-04,2026-07-06,Switzerland,Colombia,0.2579,0.3119,0.4303,0-1
2026-07-05,2026-07-05,Brazil,Norway,0.6572,0.1946,0.1482,2-1
2026-07-05,2026-07-05,Mexico,England,0.2991,0.2838,0.4171,1-1
2026-07-05,2026-07-06,Portugal,Spain,0.2561,0.2097,0.5342,1-2
2026-07-05,2026-07-06,United States,Belgium,0.1847,0.2266,0.5887,1-1
2026-07-05,2026-07-06,Argentina,Egypt,0.6224,0.2262,0.1514,2-0
2026-07-05,2026-07-06,Switzerland,Colombia,0.2467,0.2968,0.4565,1-1
2026-07-05,2026-07-09,France,Morocco,0.5548,0.2558,0.1894,1-0
2026-07-06,2026-07-05,Brazil,Norway,0.6519,0.1999,0.1482,2-0
2026-07-06,2026-07-05,Mexico,England,0.2857,0.2888,0.4254,1-1
2026-07-06,2026-07-06,Portugal,Spain,0.2548,0.2143,0.5309,1-2
2026-07-06,2026-07-06,United States,Belgium,0.1582,0.2109,0.6309,0-2
2026-07-06,2026-07-06,Argentina,Egypt,0.6543,0.2114,0.1343,2-0
2026-07-06,2026-07-06,Switzerland,Colombia,0.2669,0.3067,0.4264,1-1
2026-07-06,2026-07-09,France,Morocco,0.5361,0.2593,0.2046,1-1
2026-07-06,2026-07-11,Norway,England,0.1604,0.1976,0.642,1-2
